{"generated_at": "2026-06-28 14:04", "digest": "Filesystem: 298 files / 5 top-level dirs", "files": {"AGENTS.md": 1782368580.425957, "CLAUDE.md": 1782428175.496315, "cluster_config.py": 1782443923.75402, "git-auto-push.sh": 1768176186.0, "IMPROVEMENT_PLAN.md": 1782621481.1982172, "install-master.sh": 1782430909.265849, "install-slave.sh": 1782362579.974167, "Messenger.exe": 1782622999.063867, "README.md": 1782422635.5903614, "setup-and-start-master.ps1": 1782389858.1583264, "setup-and-start-slave.ps1": 1782389884.4240067, "Start-Master.cmd": 1782389865.448676, "start-master.ps1": 1782362498.1568148, "start-master.sh": 1782362526.0968246, "Start-Slave.cmd": 1782389889.027624, "start-slave.ps1": 1782362507.567489, "start-slave.sh": 1782362532.5731034, "stop-cluster.sh": 1778476584.5231466, "TOOLCALLING_NOTES.md": 1782390082.7073996, "UsersLeeAppDataRoamingclientmain.log": 1782622197.5486052, "hoonbot/config.py": 1782374917.2945182, "hoonbot/hoonbot.py": 1782622736.748805, "hoonbot/README.md": 1782374928.5922575, "hoonbot/start.ps1": 1778221534.1838348, "hoonbot/start.sh": 1778468575.1195028, "hoonbot/core/cluster_client.py": 1778138517.5952466, "hoonbot/core/cluster_relay.py": 1782622720.5232081, "hoonbot/core/cluster_worker.py": 1778194793.6915061, "hoonbot/core/context.py": 1782623083.183582, "hoonbot/core/fs_snapshot.py": 1782623041.4488978, "hoonbot/core/heartbeat.py": 1782623065.1286678, "hoonbot/core/llm_api.py": 1779088731.8650706, "hoonbot/core/messenger.py": 1778654251.2815845, "hoonbot/core/retry.py": 1777879131.0, "hoonbot/core/__init__.py": 1777879131.0, "hoonbot/data/memory.md": 1782443185.4068666, "hoonbot/data/room_sessions.json": 1777977060.2889647, "hoonbot/deps/requirements.txt": 1777879131.0, "hoonbot/docs/ARCHITECTURE.md": 1782368705.6278036, "hoonbot/handlers/health.py": 1778138777.0668452, "hoonbot/handlers/webhook.py": 1782444188.9043114, "hoonbot/handlers/__init__.py": 1777879131.0, "hoonbot/profiles/master/skills/README.md": 1778196823.1945763, "hoonbot/profiles/slave/skills/README.md": 1778196823.2325768, "hoonbot/prompts/HEARTBEAT.md": 1782368712.0080245, "hoonbot/prompts/PROMPT.md": 1778820694.9465392, "hoonbot/prompts/cluster/task_execution.txt": 1778196461.9136915, "hoonbot/prompts/heartbeat/planner_system.txt": 1778196433.5858977, "hoonbot/prompts/heartbeat/task_execution.txt": 1778654596.6737192, "hoonbot/prompts/heartbeat/validator_system.txt": 1778196452.5544503, "hoonbot/prompts/master/HEARTBEAT.md": 1778654688.2411978, "hoonbot/prompts/master/PROMPT.md": 1778820723.8415177, "hoonbot/prompts/scripts/test_llm_system.txt": 1778196473.629124, "hoonbot/prompts/slave/HEARTBEAT.md": 1782368715.042041, "hoonbot/prompts/slave/PROMPT.md": 1778820721.3232737, "hoonbot/prompts/webhook/memory_flush_hint.txt": 1778196468.2673807, "hoonbot/scripts/reset.py": 1777879131.0, "hoonbot/scripts/setup_credentials.py": 1777976928.2559931, "hoonbot/scripts/test_llm.py": 1778194906.4560077, "hoonbot/skills/diagnose_system.md": 1778196735.680743, "hoonbot/skills/download_attachment.md": 1778196735.7427418, "hoonbot/skills/file_manager.md": 1778196735.805742, "hoonbot/skills/manage_webhooks.md": 1778196735.8692365, "hoonbot/skills/message_controls.md": 1778196736.248243, "hoonbot/skills/reactions_and_pins.md": 1778196736.2672403, "hoonbot/skills/room_management.md": 1778196736.28624, "hoonbot/skills/screenshot_and_send.md": 1778196735.9282496, "hoonbot/skills/search_messages.md": 1778196735.9832401, "hoonbot/skills/send_attachments.md": 1778196736.0392392, "hoonbot/skills/set_reminder.md": 1778196736.095239, "hoonbot/skills/summarize_room.md": 1778196736.165239, "hoonbot/skills/user_directory.md": 1778196736.228241, "hoonbot/skills/web_watchers.md": 1778196736.3062394, "llm-api/config.py": 1782622876.927698, "llm-api/README.md": 1782368673.0622413, "llm-api/run_backend.py": 1782368375.356349, "llm-api/start.ps1": 1782368495.1398013, "llm-api/start.sh": 1782368502.011598, "llm-api/backend/__init__.py": 1777879131.0, "llm-api/backend/agent/compaction.py": 1782622858.5540054, "llm-api/backend/agent/logging_helpers.py": 1777967668.9183135, "llm-api/backend/agent/loop.py": 1782622967.981418, "llm-api/backend/agent/prompt_assembly.py": 1778814759.618273, "llm-api/backend/agent/result_formatting.py": 1782368472.0033014, "llm-api/backend/agent/tool_dispatch.py": 1782622958.34253, "llm-api/backend/agent/_cache.py": 1778193137.7264886, "llm-api/backend/agent/__init__.py": 1777967886.486344, "llm-api/backend/api/app.py": 1782368369.627759, "llm-api/backend/api/__init__.py": 1777879131.0, "llm-api/backend/api/routes/admin.py": 1782368437.8386967, "llm-api/backend/api/routes/auth.py": 1777879131.0, "llm-api/backend/api/routes/chat.py": 1782440871.315555, "llm-api/backend/api/routes/cluster.py": 1778141225.485044, "llm-api/backend/api/routes/jobs.py": 1782368440.6560867, "llm-api/backend/api/routes/models.py": 1782368442.0652373, "llm-api/backend/api/routes/rag_upload_async.py": 1777879131.0, "llm-api/backend/api/routes/sessions.py": 1777879131.0, "llm-api/backend/api/routes/tools.py": 1782368443.109775, "llm-api/backend/api/routes/__init__.py": 1777879131.0, "llm-api/backend/core/cluster_store.py": 1778138586.0026557, "llm-api/backend/core/database.py": 1778479056.7203069, "llm-api/backend/core/job_store.py": 1777879131.0, "llm-api/backend/core/llm_backend.py": 1782622801.9164693, "llm-api/backend/core/llm_interceptor.py": 1782622817.201879, "llm-api/backend/core/__init__.py": 1777879131.0, "llm-api/backend/utils/agent_log_banner.py": 1777879131.0, "llm-api/backend/utils/auth.py": 1777879131.0, "llm-api/backend/utils/file_handler.py": 1777879131.0, "llm-api/backend/utils/prompts_log_append.py": 1777879131.0, "llm-api/backend/utils/stop_signal.py": 1777879131.0, "llm-api/backend/utils/subprocess_stream.py": 1778810492.536441, "llm-api/backend/utils/__init__.py": 1777879131.0, "llm-api/data/app.db": 1778479494.5332336,